/*
SQLyog Enterprise - MySQL GUI v6.13
MySQL - 5.1.41 : Database - asumenu
*********************************************************************
*/

/*!40101 SET NAMES utf8 */;

/*!40101 SET SQL_MODE=''*/;

create database if not exists `asumenu`;

USE `asumenu`;

/*!40014 SET @OLD_FOREIGN_KEY_CHECKS=@@FOREIGN_KEY_CHECKS, FOREIGN_KEY_CHECKS=0 */;
/*!40101 SET @OLD_SQL_MODE=@@SQL_MODE, SQL_MODE='NO_AUTO_VALUE_ON_ZERO' */;

/*Table structure for table `countrys` */

DROP TABLE IF EXISTS `countrys`;

CREATE TABLE `countrys` (
  `id` int(10) unsigned NOT NULL AUTO_INCREMENT,
  `name` varchar(250) DEFAULT NULL,
  `currency` char(3) DEFAULT NULL,
  `code` char(2) DEFAULT NULL,
  `phonecode` int(11) DEFAULT NULL,
  `estatus` char(1) DEFAULT 'E',
  PRIMARY KEY (`id`)
) ENGINE=MyISAM AUTO_INCREMENT=7 DEFAULT CHARSET=utf8;

/*Data for the table `countrys` */

insert  into `countrys`(`id`,`name`,`currency`,`code`,`phonecode`,`estatus`) values (1,'Argentina',NULL,'AR',NULL,'E'),(2,'Chile',NULL,'CL',NULL,'E'),(3,'Colombia',NULL,'CO',NULL,'S'),(4,'Brazil',NULL,'BR',NULL,'E'),(5,'Peru',NULL,'PE',51,'S'),(6,'Mexico',NULL,'MX',NULL,'E');

/*Table structure for table `dishes` */

DROP TABLE IF EXISTS `dishes`;

CREATE TABLE `dishes` (
  `id` int(10) unsigned NOT NULL AUTO_INCREMENT,
  `name` varchar(255) NOT NULL,
  `image` varchar(255) DEFAULT NULL,
  `vote` int(11) DEFAULT NULL,
  `estatus` char(1) DEFAULT 'E',
  PRIMARY KEY (`id`)
) ENGINE=InnoDB AUTO_INCREMENT=102 DEFAULT CHARSET=utf8 CHECKSUM=1 DELAY_KEY_WRITE=1 ROW_FORMAT=DYNAMIC;

/*Data for the table `dishes` */

insert  into `dishes`(`id`,`name`,`image`,`vote`,`estatus`) values (1,'Ache Acevichada',NULL,NULL,'E'),(2,'Ache Gunkan',NULL,NULL,'E'),(3,'Ache Pasta Oriental',NULL,NULL,'E'),(4,'Ache Roll Roy',NULL,NULL,'E'),(5,'Ache Tabla De Maquis',NULL,NULL,'E'),(6,'Ache Tiradito New Style',NULL,NULL,'E'),(7,'Ache Veggie Makis',NULL,NULL,'E'),(8,'Arroz con Mariscos',NULL,NULL,'E'),(9,'Atun en Perfume de Aguaymanto',NULL,NULL,'E'),(10,'Bandera con Camarones',NULL,NULL,'E'),(11,'BravoRestobar Carpacio de Salmon Lemongrass',NULL,NULL,'E'),(12,'Cacao con Mango',NULL,NULL,'E'),(13,'Canilla de Cordero',NULL,NULL,'E'),(14,'Capeletis y Prosciuto',NULL,NULL,'E'),(15,'Carpaccio de Pato',NULL,NULL,'E'),(16,'Casi Perfecto',NULL,NULL,'E'),(17,'Causa de Puna y Cava',NULL,NULL,'E'),(18,'Causa Juliana',NULL,NULL,'E'),(19,'Causa Pituca',NULL,NULL,'E'),(20,'Ceviche de Pato con pur de Yuca',NULL,NULL,'E'),(21,'Ceviche Hanzo',NULL,NULL,'E'),(22,'Ceviche La Mar',NULL,NULL,'E'),(23,'Ceviche Super Fiesta',NULL,NULL,'E'),(24,'Ceviche Vivaldino',NULL,NULL,'E'),(25,'Changuitas Ajuanadas',NULL,NULL,'E'),(26,'Cheesecake Vivaldino',NULL,NULL,'E'),(27,'Chicken Katsu',NULL,NULL,'E'),(28,'Cocachos',NULL,NULL,'E'),(29,'Combinacion Perfecta',NULL,NULL,'E'),(30,'Copoazu de  Pepino Melon Gelatina con miel Amazonica',NULL,NULL,'E'),(31,'Degustaci',NULL,NULL,'E'),(32,'Derrumbado de Chirimoya',NULL,NULL,'E'),(33,'Desayuno Vivaldino',NULL,NULL,'E'),(34,'Dish Name',NULL,NULL,'E'),(35,'Ensalada  fresca del Sur',NULL,NULL,'E'),(36,'Ensalada Alcachofina',NULL,NULL,'E'),(37,'Ensalada de Chonta',NULL,NULL,'E'),(38,'Escolar en Adobo de Aji panka y cebollas de trenza',NULL,NULL,'E'),(39,'Esferas',NULL,NULL,'E'),(40,'Fettuccini a la huanca',NULL,NULL,'E'),(41,'Fetuccine de Camarones al Estragon',NULL,NULL,'E'),(42,'Fiesta Langosta de Puerto de Eten',NULL,NULL,'E'),(43,'Frutos del Mar',NULL,NULL,'E'),(44,'Gyoza Yopodon',NULL,NULL,'E'),(45,'Hanzo al Plato',NULL,NULL,'E'),(46,'Inchicapi',NULL,NULL,'E'),(47,'Juane de Chonta',NULL,NULL,'E'),(48,'Lanqueta de Ternero Lechal con Gnocchi a la Provenzal',NULL,NULL,'E'),(49,'Lechoncito Crocante',NULL,NULL,'E'),(50,'Lechoncito crocante con Tacu Tacu de pallares',NULL,NULL,'E'),(51,'Lenguado Cabo Blanco',NULL,NULL,'E'),(52,'Lomo de la Nonna',NULL,NULL,'E'),(53,'Lomo Huancaino',NULL,NULL,'E'),(54,'Lomo saltado',NULL,NULL,'E'),(55,'Malabar Conchas con Umari',NULL,NULL,'E'),(56,'Manifesto del Cordero de Candarave Confitado',NULL,NULL,'E'),(57,'Mero Milanes Portofino',NULL,NULL,'E'),(58,'Milanesa Palermitana Acholada',NULL,NULL,'E'),(59,'Monte Fuyi',NULL,NULL,'E'),(60,'Mouse Maracuya',NULL,NULL,'E'),(61,'Nigiri de Entra',NULL,NULL,'E'),(62,'Obleas de Manzana',NULL,NULL,'E'),(63,'Osobuco con Pastel de Papas',NULL,NULL,'E'),(64,'Osobuco con trizotto a la Chiclayana',NULL,NULL,'E'),(65,'Ossobuco Estofado con macaroni a la crema',NULL,NULL,'E'),(66,'Paiche con Casho',NULL,NULL,'E'),(67,'Panzotti de Alcachofas agli Oleo',NULL,NULL,'E'),(68,'Parrilla Marina Vivaldi',NULL,NULL,'E'),(69,'Pasta Primavera',NULL,NULL,'E'),(70,'Pato a la Ciruela',NULL,NULL,'E'),(71,'Pato a la Memepa',NULL,NULL,'E'),(72,'Penne Rigatti al Pomodoro',NULL,NULL,'E'),(73,'Pez Espada a la Parrilla',NULL,NULL,'E'),(74,'Pie  de Uva Borgo',NULL,NULL,'E'),(75,'Plancha Marina',NULL,NULL,'E'),(76,'Pollito Enrollado',NULL,NULL,'E'),(77,'Pollito Tricolor',NULL,NULL,'E'),(78,'Pollo a la Florentina',NULL,NULL,'E'),(79,'Ravioles rellenos de pulpa de cangrejo en salsa de Langostinos y champi',NULL,NULL,'E'),(80,'Risotto con aroma de trufas',NULL,NULL,'E'),(81,'Risotto de pesto con salm',NULL,NULL,'E'),(82,'Rissotto de hongos con atun emparrillado ba',NULL,NULL,'E'),(83,'Sacha Tacos Bellacos de Atun',NULL,NULL,'E'),(84,'Salmon con mejillones',NULL,NULL,'E'),(85,'Salmon Grillado',NULL,NULL,'E'),(86,'Sartencita Marina',NULL,NULL,'E'),(87,'Sashimi en Salsa de Wasabi',NULL,NULL,'E'),(88,'Seco de cabrito con arroz y frejoles',NULL,NULL,'E'),(89,'Shapshico',NULL,NULL,'E'),(90,'Sorpresa de Uvas',NULL,NULL,'E'),(91,'Souffle Limon',NULL,NULL,'E'),(92,'Spaghetti Frutti di Mare',NULL,NULL,'E'),(93,'Sudad de Pescado',NULL,NULL,'E'),(94,'Sudado de Mero',NULL,NULL,'E'),(95,'Sushi Bar',NULL,NULL,'E'),(96,'Theobromas',NULL,NULL,'E'),(97,'Tiradito de Pescado',NULL,NULL,'E'),(98,'Tres Leches al Baileys',NULL,NULL,'E'),(99,'Trucha en Salsa de Camarones',NULL,NULL,'E'),(100,'Yoquis gratinados en salsa de chupe de Langostinos',NULL,NULL,'E'),(101,'Yuca Shambo',NULL,NULL,'E');

/*Table structure for table `loaddata` */

DROP TABLE IF EXISTS `loaddata`;

CREATE TABLE `loaddata` (
  `field1` varchar(255) DEFAULT NULL,
  `field2` varchar(255) DEFAULT NULL,
  `filed3` varchar(255) DEFAULT NULL,
  `field4` varchar(255) DEFAULT NULL,
  `field5` varchar(255) DEFAULT NULL,
  `field6` varchar(255) DEFAULT NULL,
  `field7` varbinary(255) DEFAULT NULL
) ENGINE=MyISAM DEFAULT CHARSET=utf8;

/*Data for the table `loaddata` */

insert  into `loaddata`(`field1`,`field2`,`filed3`,`field4`,`field5`,`field6`,`field7`) values ('Dish Name','Image File','Restaurant','web link','Locations','Categories\r',NULL),('Gyoza Yopodon','Ache-Gyozayopadon.jpg','Ache','https://www.facebook.com/achecocinanikkei?fref=ts','Lima','Nikkei\r',NULL),('Souffle Limon','Ache-SouffleLmon.jpg','Ache','https://www.facebook.com/achecocinanikkei?fref=ts','Lima','Nikkei\r',NULL),('Sushi Bar','Ache-SushiBar.jpg','Ache','https://www.facebook.com/achecocinanikkei?fref=ts','Lima','Nikkei\r',NULL),('Lomo Huancaino','Caplina-LomoHuancaino.jpg','Caplina','http://caplina.com/','Lima','Regional\r',NULL),('Milanesa Palermitana Acholada','Danica-MilanesaPalermitanaAcholada','Danica','http://danica.com.pe','Lima','Gourmet\r',NULL),('Milanesa Palermitana Acholada','Danica-MilanesaPalermitanaAcholada','Danica','http://danica.com.pe','Lima','Italiano\r',NULL),('Osobuco con Pastel de Papas','Danica-OsubucoConPastelDePapas.jpg','Danica','http://danica.com.pe','Lima','Italiano\r',NULL),('Osobuco con Pastel de Papas','Danica-OsubucoConPastelDePapas.jpg','Danica','http://danica.com.pe','Lima','Gourmet\r',NULL),('Osobuco con Pastel de Papas','Danica-OsubucoConPastelDePapas.jpg','Danica','http://danica.com.pe','Cuzco','Italiano\r',NULL),('Osobuco con Pastel de Papas','Danica-OsubucoConPastelDePapas.jpg','Danica','http://danica.com.pe','Cuzco','Gourmet\r',NULL),('Pasta Primavera','Factoria-PastaPrimavera.jpg','Factoria','http://www.factoria1075.com/','Lima','Gourmet\r',NULL),('Ceviche Super Fiesta','Fiesta-CevicheSuperFiesta.jpg','Restaurant Fiesta Gourmet','http://www.restaurantfiestagourmet.com/','Lima','Gourmet\r',NULL),('Ceviche Super Fiesta','Fiesta-CevicheSuperFiesta.jpg','Restaurant Fiesta Gourmet','http://www.restaurantfiestagourmet.com/','Tacna','Gourmet\r',NULL),('Ceviche Super Fiesta','Fiesta-CevicheSuperFiesta.jpg','Restaurant Fiesta Gourmet','http://www.restaurantfiestagourmet.com/','Trujillo','Gourmet\r',NULL),('Ceviche Super Fiesta','Fiesta-CevicheSuperFiesta.jpg','Restaurant Fiesta Gourmet','http://www.restaurantfiestagourmet.com/','Trujillo','Gourmet\r',NULL),('Fiesta Langosta de Puerto de Eten','Fiesta-LangostinoDePuertoDeEten.jpg','Restaurant Fiesta Gourmet','http://www.restaurantfiestagourmet.com/','Lima','Gourmet\r',NULL),('Fiesta Langosta de Puerto de Eten','Fiesta-LangostinoDePuertoDeEten.jpg','Restaurant Fiesta Gourmet','http://www.restaurantfiestagourmet.com/','Tacna','Gourmet\r',NULL),('Fiesta Langosta de Puerto de Eten','Fiesta-LangostinoDePuertoDeEten.jpg','Restaurant Fiesta Gourmet','http://www.restaurantfiestagourmet.com/','Trujillo','Gourmet\r',NULL),('Fiesta Langosta de Puerto de Eten','Fiesta-LangostinoDePuertoDeEten.jpg','Restaurant Fiesta Gourmet','http://www.restaurantfiestagourmet.com/','Chiclayo','Gourmet\r',NULL),('Bandera con Camarones','LaRosaNautica-BanderaConCamarones.jpg','La Rosa Nautica','http://www.larosanautica.com/','Lima','Marina\r',NULL),('Bandera con Camarones','LaRosaNautica-BanderaConCamarones.jpg','La Rosa Nautica','http://www.larosanautica.com/','Lima','Internacional\r',NULL),('Bandera con Camarones','LaRosaNautica-BanderaConCamarones.jpg','La Rosa Nautica','http://www.larosanautica.com/','Bogota','Marina\r',NULL),('Bandera con Camarones','LaRosaNautica-BanderaConCamarones.jpg','La Rosa Nautica','http://www.larosanautica.com/','Bogota','Internacional\r',NULL),('Bandera con Camarones','LaRosaNautica-BanderaConCamarones.jpg','La Rosa Nautica','http://www.larosanautica.com/','Buenos Aires','Marina\r',NULL),('Bandera con Camarones','LaRosaNautica-BanderaConCamarones.jpg','La Rosa Nautica','http://www.larosanautica.com/','Buenos Aires','Internacional\r',NULL),('Trucha en Salsa de Camarones','MesadePierdra-TruchaEnSalsaDeCamarones.jpg','Mesa de Piedra','http://www.mesadepiedra.com/','Cieneguilla','Andina\r',NULL),('Pollo a la Florentina','NextParis-PolloALaFlorentina.jpg','Nexxt Paris','http://nexxtparis.com/','Lima','Franco Peruano\r',NULL),('Combinacion Perfecta','Vivaldi-CombinacionPerfecta.jpg','Vivaldi','http://vivaldi.com.pe/','Lima','Internacional\r',NULL),('Parrilla Marina Vivaldi','Vivaldi-ParrillaMarina.jpg','Vivaldi','http://vivaldi.com.pe/','Lima','Internacional\r',NULL),('Pato a la Ciruela','Vivaldi-PatoALaCiruela.jpg','Vivaldino','http://vivaldi.com.pe/','Lima','Internacional\r',NULL),('Arroz con Mariscos','Vivaldino-ArrozConMariscos.jpg','Vivaldino','http://vivaldino.com/','Lima','Gourmet\r',NULL),('Arroz con Mariscos','Vivaldino-ArrozConMariscos.jpg','Vivaldino','http://vivaldino.com/','Lima','Internacional\r',NULL),('Arroz con Mariscos','Vivaldino-PollitoTricolor.jpg','Vivaldino','http://vivaldino.com/','Lima','Internacional\r',NULL),('Ensalada de Chonta','Malabar-EnsaladaDeChota.jpg','Malabar','http://malabar.com.pe/','Lima','Autor\r',NULL),('Escolar en Adobo de Aji panka y cebollas de trenza','Malabar-EscolarEnAdoboDeAjiPancaYCebollasDeTrenzas.jpg','Malabar','http://malabar.com.pe/','Lima','Autor\r',NULL),('Copoazu de  Pepino Melon Gelatina con miel Amazonica','Malabar-CopoazuPepinoMelonYGelatinaDeMielAmazonica.jpg','Malabar','http://malabar.com.pe/','Lima','Autor\r',NULL),('Obleas de Manzana','Malabar-ObleasDeManzanaYFoieGrasDePato.jpg','Malabar','http://malabar.com.pe/','Lima','Autor\r',NULL),('Pato a la Memepa','Malabar-PatoALaMemepa.jpg','Malabar','http://malabar.com.pe/','Lima','Autor\r',NULL),('Causa Juliana','HuacaPucllana-CausaJuliana.jpg','Huaca Pucllana','http://www.resthuacapucllana.com/','Lima','Criolla\r',NULL),('Causa Juliana','HuacaPucllana-CausaJuliana.jpg','Huaca Pucllana','http://www.resthuacapucllana.com/','Lima','Internacional\r',NULL),('Causa Juliana','HuacaPucllana-CausaJuliana.jpg','Huaca Pucllana','http://www.resthuacapucllana.com/','Lima','Fusi',NULL),('Panzotti de Alcachofas agli Oleo','Traviata-PanzottiDeAlcashofasAgliOleo.jpg','La Traviata','https://www.facebook.com/LaTraviataRestaurant?fref=ts','Lima','Italiana\r',NULL),('Spaghetti Frutti di Mare','Traviata-SpaghettiFruttiDiMare.jpg','La Traviata','https://www.facebook.com/LaTraviataRestaurant?fref=ts','Lima','Italiana\r',NULL),('Chicken Katsu','Sushiito-ChickenKatsu.jpg','Sushiito','http://www.sushi-ito.com/','Lima','Japonesa\r',NULL),('Sashimi en Salsa de Wasabi','Sushiito-SashimiEnSalsaDeWasabi.jpg','Sushiito','http://www.sushi-ito.com/','Lima','Japonesa\r',NULL),('Ceviche La Mar','LaMar-CebicheLaMar.jpg','La Mar','http://www.lamarcebicheria.com/','Lima','Marina\r',NULL),('Ceviche La Mar','LaMar-CebicheLaMar.jpg','La Mar','http://www.lamarcebicheria.com/','Lima','Internacional\r',NULL),('Ceviche La Mar','LaMar-CebicheLaMar.jpg','La Mar','http://www.lamarcebicheria.com/','Bogota','Marina\r',NULL),('Ceviche La Mar','LaMar-CebicheLaMar.jpg','La Mar','http://www.lamarcebicheria.com/','Bogota','Internacional\r',NULL),('Ceviche La Mar','LaMar-CebicheLaMar.jpg','La Mar','http://www.lamarcebicheria.com/','San Francisco','Marina\r',NULL),('Ceviche La Mar','LaMar-CebicheLaMar.jpg','La Mar','http://www.lamarcebicheria.com/','San Francisco','Internacional\r',NULL),('Ceviche La Mar','LaMar-CebicheLaMar.jpg','La Mar','http://www.lamarcebicheria.com/','San Paulo','Marina\r',NULL),('Ceviche La Mar','LaMar-CebicheLaMar.jpg','La Mar','http://www.lamarcebicheria.com/','San Paulo','Internacional\r',NULL),('Ceviche Hanzo','none.jpg','Hanzo','http://www.hanzo.com.pe/','Lima','Nikkei\r',NULL),('Ceviche Hanzo','none.jpg','Hanzo','http://www.hanzo.com.pe/','Ecuador','Nikkei\r',NULL),('Hanzo al Plato','none.jpg','Hanzo','http://www.hanzo.com.pe/','Lima','Nikkei\r',NULL),('Hanzo al Plato','none.jpg','Hanzo','http://www.hanzo.com.pe/','Ecuador','Nikkei\r',NULL),('Nigiri de Entra','none.jpg','Maido','http://www.maido.pe/','Lima','Nikkei\r',NULL),('Nigiri de Entra','none.jpg','Maido','http://www.maido.pe/','Lima','Japonesa\r',NULL),('Salmon con mejillones','none.jpg','Maido','http://www.maido.pe/','Lima','Japonesa\r',NULL),('Salmon con mejillones','none.jpg','Maido','http://www.maido.pe/','Lima','Nikkei\r',NULL),('Atun en Perfume de Aguaymanto','Caplina-AtunEnPerfumeDeAguaymanto.jpg','Caplina','http://caplina.com/','Lima','Regional\r',NULL),('Canilla de Cordero','Caplina-CanillaDeCordero.jpg','Caplina','http://caplina.com/','Lima','Regional\r',NULL),('Derrumbado de Chirimoya','Caplina-DerrumbadoDeChirimolla.jpg','Caplina','http://caplina.com/','Lima','Regional\r',NULL),('Osobuco con trizotto a la Chiclayana','Caplina-OsobuscoConTrisottoALaChiclayana.jpg','Caplina','http://caplina.com/','Lima','Regional\r',NULL),('Cacao con Mango','Amaz-CacaoQuemadoConMango.jpg','Amaz','http://amaz.com.pe/','Lima','Amazonica\r',NULL),('Sudad de Pescado','Amaz-SudadoDePescadoConMasatoYChota.jpg','Amaz','http://amaz.com.pe/','Lima','Amazonica\r',NULL),('Fetuccine de Camarones al Estragon','none.jpg','','http://www.refugiodesantiago.com/','Lunahuana','Regional\r',NULL),('Salmon Grillado','Factoria-SalmonGrillado.jpg','Factoria','http://www.factoria1075.com/','Lima','Regional\r',NULL),('Salmon Grillado','Factoria-SalmonGrillado.jpg','Factoria','http://www.factoria1075.com/','Lima','Gourmet\r',NULL),('Carpaccio de Pato','Saqra-CarpacionDePato.jpg','Saqra','http://saqra.pe/','Lima','Regional\r',NULL),('Carpaccio de Pato','Saqra-CarpacionDePato.jpg','Saqra','http://saqra.pe/','Lima','Gourmet\r',NULL),('Pez Espada a la Parrilla','BravoRestobar-PezEspadaALaParrilla.jpg','Bravo Restobar','http://www.bravorestobar.com/','Lima','Internacional\r',NULL),('Pez Espada a la Parrilla','BravoRestobar-PezEspadaALaParrilla.jpg','Bravo Restobar','http://www.bravorestobar.com/','Lima','Gourmet\r',NULL),('Pez Espada a la Parrilla','BravoRestobar-PezEspadaALaParrilla.jpg','Bravo Restobar','http://www.bravorestobar.com/','Lima','Internacional\r',NULL),('Tres Leches al Baileys','BravoRestobar-TresLechesAlBaileys.jpg','Bravo Restobar','http://www.bravorestobar.com/','Lima','Regional\r',NULL),('Tres Leches al Baileys','BravoRestobar-TresLechesAlBaileys.jpg','Bravo Restobar','http://www.bravorestobar.com/','Lima','Gourmet\r',NULL),('Tres Leches al Baileys','BravoRestobar-TresLechesAlBaileys.jpg','Bravo Restobar','http://www.bravorestobar.com/','Lima','Internacional\r',NULL),('Penne Rigatti al Pomodoro','Cala-PenneRigattiAlPomodoro.jpg','Cala','http://www.calarestaurante.com/','Lima','Regional\r',NULL),('Penne Rigatti al Pomodoro','Cala-PenneRigattiAlPomodoro.jpg','Cala','http://www.calarestaurante.com/','Lima','Mediterraneo\r',NULL),('Risotto con aroma de trufas','Carnal-RisottoConAromaDeTrufas.jpg','Carnal','http://www.carnalprime.com/','Lima','Steak House\r',NULL),('BravoRestobar Carpacio de Salmon Lemongrass','BravoRestobar-CarpacioDeSalmonLemongrass.jpg','Bravo Restobar','http://www.bravorestobar.com/','Lima','Regional\r',NULL),('BravoRestobar Carpacio de Salmon Lemongrass','BravoRestobar-CarpacioDeSalmonLemongrass.jpg','Bravo Restobar','http://www.bravorestobar.com/','Lima','Gourmet\r',NULL),('BravoRestobar Carpacio de Salmon Lemongrass','BravoRestobar-CarpacioDeSalmonLemongrass.jpg','Bravo Restobar','http://www.bravorestobar.com/','Lima','Internacional\r',NULL),('Malabar Conchas con Umari','Malabar-ConchasConUmari.jpg','Malabar','http://malabar.com.pe/','Lima','Autor\r',NULL),('Causa de Puna y Cava','Manifiesto-CausaDePunayCava.jpg','Manifiesto','http://www.manifiesto.pe/','Lima','Autor\r',NULL),('Manifesto del Cordero de Candarave Confitado','Manifiesto-CorderoDeCandaraveConfitado','Manifiesto','http://www.manifiesto.pe/','Lima','Autor\r',NULL),('Ensalada  fresca del Sur','Manifiesto-EnsaladaDelSur','Manifiesto','http://www.manifiesto.pe/','Lima','Autor\r',NULL),('Ossobuco Estofado con macaroni a la crema','Manifiesto-OsobuscoConMacaroniAlaCrema.jpg','Manifiesto','http://www.manifiesto.pe/','Lima','Autor\r',NULL),('Lanqueta de Ternero Lechal con Gnocchi a la Provenzal','none.jpg','Manifiesto','http://www.manifiesto.pe/','Lima','Autor\r',NULL),('Sudado de Mero','Fiesta-SudadoDeMeroMurique.jpg','Restaurant Fiesta Gourmet','http://www.restaurantfiestagourmet.com/','Lima','Regional\r',NULL),('Sudado de Mero','Fiesta-SudadoDeMeroMurique.jpg','Restaurant Fiesta Gourmet','http://www.restaurantfiestagourmet.com/','Lima','Gourmet\r',NULL),('Sudado de Mero','Fiesta-SudadoDeMeroMurique.jpg','Restaurant Fiesta Gourmet','http://www.restaurantfiestagourmet.com/','Tacna','Regional\r',NULL),('Sudado de Mero','Fiesta-SudadoDeMeroMurique.jpg','Restaurant Fiesta Gourmet','http://www.restaurantfiestagourmet.com/','Tacna','Gourmet\r',NULL),('Sudado de Mero','Fiesta-SudadoDeMeroMurique.jpg','Restaurant Fiesta Gourmet','http://www.restaurantfiestagourmet.com/','Trujillo','Regional\r',NULL),('Sudado de Mero','Fiesta-SudadoDeMeroMurique.jpg','Restaurant Fiesta Gourmet','http://www.restaurantfiestagourmet.com/','Trujillo','Gourmet\r',NULL),('Sudado de Mero','Fiesta-SudadoDeMeroMurique.jpg','Restaurant Fiesta Gourmet','http://www.restaurantfiestagourmet.com/','Chiclayo','Regional\r',NULL),('Sudado de Mero','Fiesta-SudadoDeMeroMurique.jpg','Restaurant Fiesta Gourmet','http://www.restaurantfiestagourmet.com/','Chiclayo','Gourmet\r',NULL),('Sudado de Mero','Fiesta-SudadoDeMeroMurique.jpg','Restaurant Fiesta Gourmet','http://www.restaurantfiestagourmet.com/','Santiago','Regional\r',NULL),('Sudado de Mero','Fiesta-SudadoDeMeroMurique.jpg','Restaurant Fiesta Gourmet','http://www.restaurantfiestagourmet.com/','Santiago','Gourmet\r',NULL),('Arroz con Mariscos','Fiesta-ArrozConMariscos.jpg','Restaurant Fiesta Gourmet','http://www.restaurantfiestagourmet.com/','Lima','Regional\r',NULL),('Arroz con Mariscos','Fiesta-ArrozConMariscos.jpg','Restaurant Fiesta Gourmet','http://www.restaurantfiestagourmet.com/','Lima','Gourmet\r',NULL),('Arroz con Mariscos','Fiesta-ArrozConMariscos.jpg','Restaurant Fiesta Gourmet','http://www.restaurantfiestagourmet.com/','Tacna','Regional\r',NULL),('Arroz con Mariscos','Fiesta-ArrozConMariscos.jpg','Restaurant Fiesta Gourmet','http://www.restaurantfiestagourmet.com/','Tacna','Gourmet\r',NULL),('Arroz con Mariscos','Fiesta-ArrozConMariscos.jpg','Restaurant Fiesta Gourmet','http://www.restaurantfiestagourmet.com/','Trujillo','Regional\r',NULL),('Arroz con Mariscos','Fiesta-ArrozConMariscos.jpg','Restaurant Fiesta Gourmet','http://www.restaurantfiestagourmet.com/','Trujillo','Gourmet\r',NULL),('Arroz con Mariscos','Fiesta-ArrozConMariscos.jpg','Restaurant Fiesta Gourmet','http://www.restaurantfiestagourmet.com/','Chiclayo','Regional\r',NULL),('Arroz con Mariscos','Fiesta-ArrozConMariscos.jpg','Restaurant Fiesta Gourmet','http://www.restaurantfiestagourmet.com/','Chiclayo','Gourmet\r',NULL),('Ache Veggie Makis','none.jpg','Ache','https://www.facebook.com/achecocinanikkei?fref=ts','Lima','Nikkei\r',NULL),('Ache Pasta Oriental','none.jpg','Ache','https://www.facebook.com/achecocinanikkei?fref=ts','Lima','Nikkei\r',NULL),('Monte Fuyi','Ache-MonteFuyi.jpg','Ache','https://www.facebook.com/achecocinanikkei?fref=ts','Lima','Nikkei\r',NULL),('Ache Acevichada','none.jpg','Ache','https://www.facebook.com/achecocinanikkei?fref=ts','Lima','Nikkei\r',NULL),('Ache Tabla De Maquis','Ache-TablaDeMaquis.jpg','Ache','https://www.facebook.com/achecocinanikkei?fref=ts','Lima','Nikkei\r',NULL),('Ache Tiradito New Style','none.jpg','Ache','https://www.facebook.com/achecocinanikkei?fref=ts','Lima','Nikkei\r',NULL),('Ache Roll Roy','none.jpg','Ache','https://www.facebook.com/achecocinanikkei?fref=ts','Lima','Nikkei\r',NULL),('Ache Gunkan','none.jpg','Ache','https://www.facebook.com/achecocinanikkei?fref=ts','Lima','Nikkei\r',NULL),('Yuca Shambo','none.jpg','Amaz','http://amaz.com.pe/','Lima','Amazonica\r',NULL),('Theobromas','none.jpg','Amaz','http://amaz.com.pe/','Lima','Amazonica\r',NULL),('Shapshico','none.jpg','Amaz','http://amaz.com.pe/','Lima','Amazonica\r',NULL),('Sacha Tacos Bellacos de Atun','none.jpg','Amaz','http://amaz.com.pe/','Lima','Amazonica\r',NULL),('Paiche con Casho','none.jpg','Amaz','http://amaz.com.pe/','Lima','Amazonica\r',NULL),('Lechoncito Crocante','none.jpg','Amaz','http://amaz.com.pe/','Lima','Amazonica\r',NULL),('Juane de Chonta','none.jpg','Amaz','http://amaz.com.pe/','Lima','Amazonica\r',NULL),('Inchicapi','none.jpg','Amaz','http://amaz.com.pe/','Lima','Amazonica\r',NULL),('Frutos del Mar','none.jpg','Amaz','http://amaz.com.pe/','Lima','Amazonica\r',NULL),('Esferas','none.jpg','Amaz','http://amaz.com.pe/','Lima','Amazonica\r',NULL),('Cocachos','none.jpg','Amaz','http://amaz.com.pe/','Lima','Amazonica\r',NULL),('Casi Perfecto','none.jpg','Amaz','http://amaz.com.pe/','Lima','Amazonica\r',NULL),('Causa Pituca','none.jpg','Amaz','http://amaz.com.pe/','Lima','Amazonica\r',NULL),('Changuitas Ajuanadas','none.jpg','Amaz','http://amaz.com.pe/','Lima','Amazonica\r',NULL),('Capeletis y Prosciuto','none.jpg','Vivaldino','http://vivaldi.com.pe/','Lima','Internacional\r',NULL),('Ceviche Vivaldino','none.jpg','Vivaldino','http://vivaldi.com.pe/','Lima','Internacional\r',NULL),('Cheesecake Vivaldino','none.jpg','Vivaldino','http://vivaldi.com.pe/','Lima','Internacional\r',NULL),('Degustaci','none.jpg','Vivaldino','http://vivaldi.com.pe/','Lima','Internacional\r',NULL),('Desayuno Vivaldino','none.jpg','Vivaldino','http://vivaldi.com.pe/','Lima','Internacional\r',NULL),('Ensalada Alcachofina','none.jpg','Vivaldino','http://vivaldi.com.pe/','Lima','Internacional\r',NULL),('Lenguado Cabo Blanco','Vivaldino-LenguadoCaboBlanco.jpg','Vivaldino','http://vivaldi.com.pe/','Lima','Internacional\r',NULL),('Lomo de la Nonna','none.jpg','Vivaldino','http://vivaldi.com.pe/','Lima','Internacional\r',NULL),('Mouse Maracuya','none.jpg','Vivaldino','http://vivaldi.com.pe/','Lima','Internacional\r',NULL),('Mero Milanes Portofino','none.jpg','Vivaldino','http://vivaldi.com.pe/','Lima','Internacional\r',NULL),('Pie  de Uva Borgo','none.jpg','Vivaldino','http://vivaldi.com.pe/','Lima','Internacional\r',NULL),('Plancha Marina','none.jpg','Vivaldino','http://vivaldi.com.pe/','Lima','Internacional\r',NULL),('Pollito Enrollado','Vivaldino-PollitoErollado.jpg','Vivaldino','http://vivaldi.com.pe/','Lima','Internacional\r',NULL),('Pollito Tricolor','Vivaldino-PollitoTricolor.jpg','Vivaldino','http://vivaldi.com.pe/','Lima','Internacional\r',NULL),('Sartencita Marina','Vivaldino-SorpresaDeUvasVivaldino.jpg','Vivaldino','http://vivaldi.com.pe/','Lima','Internacional\r',NULL),('Sorpresa de Uvas','none.jpg','Vivaldino','http://vivaldi.com.pe/','Lima','Internacional\r',NULL),('Yoquis gratinados en salsa de chupe de Langostinos','none.jpg','Brujas de Cachiche','http://www.brujasdecachiche.com.pe/','Lima','Criolla\r',NULL),('Ceviche de Pato con pur de Yuca','none.jpg','Brujas de Cachiche','http://www.brujasdecachiche.com.pe/','Lima','Criolla\r',NULL),('Fettuccini a la huanca','none.jpg','Brujas de Cachiche','http://www.brujasdecachiche.com.pe/','Lima','Criolla\r',NULL),('Lechoncito crocante con Tacu Tacu de pallares','none.jpg','Brujas de Cachiche','http://www.brujasdecachiche.com.pe/','Lima','Criolla\r',NULL),('Lomo saltado','none.jpg','Brujas de Cachiche','http://www.brujasdecachiche.com.pe/','Lima','Criolla\r',NULL),('Ravioles rellenos de pulpa de cangrejo en salsa de Langostinos y champi','none.jpg','Brujas de Cachiche','http://www.brujasdecachiche.com.pe/','Lima','Criolla\r',NULL),('Risotto de pesto con salm','none.jpg','Brujas de Cachiche','http://www.brujasdecachiche.com.pe/','Lima','Criolla\r',NULL),('Rissotto de hongos con atun emparrillado ba','none.jpg','Brujas de Cachiche','http://www.brujasdecachiche.com.pe/','Lima','Criolla\r',NULL),('Seco de cabrito con arroz y frejoles','BrujasDeCachiche-SecoDeCabritoConArrozYFrejoles.jpg','Brujas de Cachiche','http://www.brujasdecachiche.com.pe/','Lima','Criolla\r',NULL),('Tiradito de Pescado','none.jpg','Brujas de Cachiche','http://www.brujasdecachiche.com.pe/','Lima','Criolla\r',NULL);

/*Table structure for table `locations` */

DROP TABLE IF EXISTS `locations`;

CREATE TABLE `locations` (
  `id` int(10) unsigned NOT NULL AUTO_INCREMENT,
  `name` varchar(255) DEFAULT NULL,
  `idcountry` int(10) unsigned NOT NULL,
  `estatus` char(1) DEFAULT 'E',
  PRIMARY KEY (`id`)
) ENGINE=InnoDB AUTO_INCREMENT=9 DEFAULT CHARSET=utf8 CHECKSUM=1 DELAY_KEY_WRITE=1 ROW_FORMAT=DYNAMIC;

/*Data for the table `locations` */

insert  into `locations`(`id`,`name`,`idcountry`,`estatus`) values (1,'Lima',5,'E'),(2,'Arequipa',5,'E'),(3,'Cusco',5,'E'),(4,'Tacna',5,'D'),(5,'Trujillo',5,'D'),(6,'Chiclayo',5,'D'),(7,'Cieneguilla',5,'D'),(8,'Bogota',3,'E');

/*Table structure for table `rest_dishes` */

DROP TABLE IF EXISTS `rest_dishes`;

CREATE TABLE `rest_dishes` (
  `id` int(10) unsigned NOT NULL AUTO_INCREMENT,
  `idrestaurants` int(10) unsigned NOT NULL,
  `iddishes` int(10) unsigned NOT NULL,
  `image` varchar(255) DEFAULT NULL,
  PRIMARY KEY (`id`),
  KEY `FK_rest_dishes` (`iddishes`),
  KEY `FK2_rest_dishes` (`idrestaurants`),
  CONSTRAINT `FK2_rest_dishes` FOREIGN KEY (`idrestaurants`) REFERENCES `restaurant` (`id`),
  CONSTRAINT `FK_rest_dishes` FOREIGN KEY (`iddishes`) REFERENCES `dishes` (`id`)
) ENGINE=InnoDB DEFAULT CHARSET=utf8 CHECKSUM=1 DELAY_KEY_WRITE=1 ROW_FORMAT=DYNAMIC;

/*Data for the table `rest_dishes` */

/*Table structure for table `rest_location` */

DROP TABLE IF EXISTS `rest_location`;

CREATE TABLE `rest_location` (
  `id` int(10) unsigned NOT NULL AUTO_INCREMENT,
  `idrestaurants` int(10) unsigned NOT NULL,
  `idlocations` int(10) unsigned NOT NULL,
  PRIMARY KEY (`id`),
  KEY `FK_rest_location` (`idrestaurants`),
  KEY `FK2_rest_location` (`idlocations`),
  CONSTRAINT `FK2_rest_location` FOREIGN KEY (`idlocations`) REFERENCES `locations` (`id`),
  CONSTRAINT `FK_rest_location` FOREIGN KEY (`idrestaurants`) REFERENCES `restaurant` (`id`)
) ENGINE=InnoDB DEFAULT CHARSET=utf8 CHECKSUM=1 DELAY_KEY_WRITE=1 ROW_FORMAT=DYNAMIC;

/*Data for the table `rest_location` */

/*Table structure for table `rest_sections` */

DROP TABLE IF EXISTS `rest_sections`;

CREATE TABLE `rest_sections` (
  `id` int(10) unsigned NOT NULL AUTO_INCREMENT,
  `idrestaurants` int(10) unsigned NOT NULL,
  `idsections` int(10) unsigned NOT NULL,
  `image` varchar(255) DEFAULT NULL,
  `status` char(1) DEFAULT 'E',
  PRIMARY KEY (`id`),
  KEY `FK2_rest_secction` (`idsections`),
  KEY `FK1_rest_secction` (`idrestaurants`),
  CONSTRAINT `FK1_rest_secction` FOREIGN KEY (`idrestaurants`) REFERENCES `restaurant` (`id`) ON UPDATE CASCADE,
  CONSTRAINT `FK2_rest_secction` FOREIGN KEY (`idsections`) REFERENCES `sections` (`id`) ON UPDATE CASCADE
) ENGINE=InnoDB AUTO_INCREMENT=121 DEFAULT CHARSET=utf8 CHECKSUM=1 DELAY_KEY_WRITE=1 ROW_FORMAT=DYNAMIC;

/*Data for the table `rest_sections` */

insert  into `rest_sections`(`id`,`idrestaurants`,`idsections`,`image`,`status`) values (1,2,15,'Ache-Gyozayopadon.jpg','E'),(2,2,15,'Ache-SouffleLmon.jpg','E'),(3,2,15,'Ache-SushiBar.jpg','E'),(4,3,1,'Amaz-CacaoQuemadoConMango.jpg','E'),(5,3,1,'Amaz-SudadoDePescadoConMasatoYChota.jpg','E'),(6,4,9,'BravoRestobar-PezEspadaALaParrilla.jpg','E'),(7,4,8,'BravoRestobar-PezEspadaALaParrilla.jpg','E'),(8,4,9,'BravoRestobar-PezEspadaALaParrilla.jpg','E'),(9,4,16,'BravoRestobar-TresLechesAlBaileys.jpg','E'),(10,4,8,'BravoRestobar-TresLechesAlBaileys.jpg','E'),(11,4,9,'BravoRestobar-TresLechesAlBaileys.jpg','E'),(12,4,16,'BravoRestobar-CarpacioDeSalmonLemongrass.jpg','E'),(13,4,8,'BravoRestobar-CarpacioDeSalmonLemongrass.jpg','E'),(14,4,9,'BravoRestobar-CarpacioDeSalmonLemongrass.jpg','E'),(15,2,15,'none.jpg','E'),(16,2,15,'none.jpg','E'),(17,2,15,'Ache-MonteFuyi.jpg','E'),(18,2,15,'none.jpg','E'),(19,2,15,'Ache-TablaDeMaquis.jpg','E'),(20,2,15,'none.jpg','E'),(21,2,15,'none.jpg','E'),(22,2,15,'none.jpg','E'),(23,3,1,'none.jpg','E'),(24,3,1,'none.jpg','E'),(25,3,1,'none.jpg','E'),(26,3,1,'none.jpg','E'),(27,3,1,'none.jpg','E'),(28,3,1,'none.jpg','E'),(29,3,1,'none.jpg','E'),(30,3,1,'none.jpg','E'),(31,3,1,'none.jpg','E'),(32,3,1,'none.jpg','E'),(33,3,1,'none.jpg','E'),(34,3,1,'none.jpg','E'),(35,3,1,'none.jpg','E'),(36,3,1,'none.jpg','E'),(37,5,5,'none.jpg','E'),(38,5,5,'none.jpg','E'),(39,5,5,'none.jpg','E'),(40,5,5,'none.jpg','E'),(41,5,5,'none.jpg','E'),(42,5,5,'none.jpg','E'),(43,5,5,'none.jpg','E'),(44,5,5,'none.jpg','E'),(45,5,5,'BrujasDeCachiche-SecoDeCabritoConArrozYFrejoles.jpg','E'),(46,5,5,'none.jpg','E'),(47,7,16,'Caplina-LomoHuancaino.jpg','E'),(48,9,8,'Danica-MilanesaPalermitanaAcholada','E'),(49,9,11,'Danica-MilanesaPalermitanaAcholada','E'),(50,9,11,'Danica-OsubucoConPastelDePapas.jpg','E'),(51,9,8,'Danica-OsubucoConPastelDePapas.jpg','E'),(52,10,8,'Factoria-PastaPrimavera.jpg','E'),(53,7,16,'Caplina-AtunEnPerfumeDeAguaymanto.jpg','E'),(54,7,16,'Caplina-CanillaDeCordero.jpg','E'),(55,7,16,'Caplina-DerrumbadoDeChirimolla.jpg','E'),(56,7,16,'Caplina-OsobuscoConTrisottoALaChiclayana.jpg','E'),(57,10,8,'Factoria-SalmonGrillado.jpg','E'),(58,6,16,'Cala-PenneRigattiAlPomodoro.jpg','E'),(59,6,14,'Cala-PenneRigattiAlPomodoro.jpg','E'),(60,8,17,'Carnal-RisottoConAromaDeTrufas.jpg','E'),(61,14,13,'LaRosaNautica-BanderaConCamarones.jpg','E'),(62,14,9,'LaRosaNautica-BanderaConCamarones.jpg','E'),(63,12,5,'HuacaPucllana-CausaJuliana.jpg','E'),(64,12,9,'HuacaPucllana-CausaJuliana.jpg','E'),(65,12,7,'HuacaPucllana-CausaJuliana.jpg','E'),(66,15,10,'Traviata-PanzottiDeAlcashofasAgliOleo.jpg','E'),(67,15,10,'Traviata-SpaghettiFruttiDiMare.jpg','E'),(68,13,13,'LaMar-CebicheLaMar.jpg','E'),(69,13,9,'LaMar-CebicheLaMar.jpg','E'),(70,11,15,'none.jpg','E'),(71,11,15,'none.jpg','E'),(72,10,16,'Factoria-SalmonGrillado.jpg','E'),(73,20,6,'NextParis-PolloALaFlorentina.jpg','E'),(74,17,3,'Malabar-EnsaladaDeChota.jpg','E'),(75,17,3,'Malabar-EscolarEnAdoboDeAjiPancaYCebollasDeTrenzas.jpg','E'),(76,17,3,'Malabar-CopoazuPepinoMelonYGelatinaDeMielAmazonica.jpg','E'),(77,17,3,'Malabar-ObleasDeManzanaYFoieGrasDePato.jpg','E'),(78,17,3,'Malabar-PatoALaMemepa.jpg','E'),(79,16,15,'none.jpg','E'),(80,16,12,'none.jpg','E'),(81,16,12,'none.jpg','E'),(82,16,15,'none.jpg','E'),(83,17,3,'Malabar-ConchasConUmari.jpg','E'),(84,18,3,'Manifiesto-CausaDePunayCava.jpg','E'),(85,18,3,'Manifiesto-CorderoDeCandaraveConfitado','E'),(86,18,3,'Manifiesto-EnsaladaDelSur','E'),(87,18,3,'Manifiesto-OsobuscoConMacaroniAlaCrema.jpg','E'),(88,18,3,'none.jpg','E'),(89,22,8,'Fiesta-CevicheSuperFiesta.jpg','E'),(90,22,8,'Fiesta-LangostinoDePuertoDeEten.jpg','E'),(91,25,9,'Vivaldi-CombinacionPerfecta.jpg','E'),(92,25,9,'Vivaldi-ParrillaMarina.jpg','E'),(93,24,12,'Sushiito-ChickenKatsu.jpg','E'),(94,24,12,'Sushiito-SashimiEnSalsaDeWasabi.jpg','E'),(95,23,16,'Saqra-CarpacionDePato.jpg','E'),(96,23,8,'Saqra-CarpacionDePato.jpg','E'),(97,22,16,'Fiesta-SudadoDeMeroMurique.jpg','E'),(98,22,8,'Fiesta-SudadoDeMeroMurique.jpg','E'),(99,22,16,'Fiesta-ArrozConMariscos.jpg','E'),(100,22,8,'Fiesta-ArrozConMariscos.jpg','E'),(101,26,9,'Vivaldi-PatoALaCiruela.jpg','E'),(102,26,8,'Vivaldino-ArrozConMariscos.jpg','E'),(103,26,9,'Vivaldino-ArrozConMariscos.jpg','E'),(104,26,9,'Vivaldino-PollitoTricolor.jpg','E'),(105,26,9,'none.jpg','E'),(106,26,9,'none.jpg','E'),(107,26,9,'none.jpg','E'),(108,26,9,'none.jpg','E'),(109,26,9,'none.jpg','E'),(110,26,9,'none.jpg','E'),(111,26,9,'Vivaldino-LenguadoCaboBlanco.jpg','E'),(112,26,9,'none.jpg','E'),(113,26,9,'none.jpg','E'),(114,26,9,'none.jpg','E'),(115,26,9,'none.jpg','E'),(116,26,9,'none.jpg','E'),(117,26,9,'Vivaldino-PollitoErollado.jpg','E'),(118,26,9,'Vivaldino-PollitoTricolor.jpg','E'),(119,26,9,'Vivaldino-SorpresaDeUvasVivaldino.jpg','E'),(120,26,9,'none.jpg','E');

/*Table structure for table `restaurant` */

DROP TABLE IF EXISTS `restaurant`;

CREATE TABLE `restaurant` (
  `id` int(10) unsigned NOT NULL AUTO_INCREMENT,
  `name` varchar(255) DEFAULT NULL,
  `link` varchar(255) DEFAULT NULL,
  `location` varchar(200) DEFAULT NULL,
  `estatus` char(1) DEFAULT 'E',
  PRIMARY KEY (`id`)
) ENGINE=InnoDB AUTO_INCREMENT=27 DEFAULT CHARSET=utf8 CHECKSUM=1 DELAY_KEY_WRITE=1 ROW_FORMAT=DYNAMIC;

/*Data for the table `restaurant` */

insert  into `restaurant`(`id`,`name`,`link`,`location`,`estatus`) values (1,'','http://www.refugiodesantiago.com/',NULL,'E'),(2,'Ache','https://www.facebook.com/achecocinanikkei?fref=ts',NULL,'E'),(3,'Amaz','http://amaz.com.pe/',NULL,'E'),(4,'Bravo Restobar','http://www.bravorestobar.com/',NULL,'E'),(5,'Brujas de Cachiche','http://www.brujasdecachiche.com.pe/',NULL,'E'),(6,'Cala','http://www.calarestaurante.com/',NULL,'E'),(7,'Caplina','http://caplina.com/',NULL,'E'),(8,'Carnal','http://www.carnalprime.com/',NULL,'E'),(9,'Danica','http://danica.com.pe',NULL,'E'),(10,'Factoria','http://www.factoria1075.com/',NULL,'E'),(11,'Hanzo','http://www.hanzo.com.pe/',NULL,'E'),(12,'Huaca Pucllana','http://www.resthuacapucllana.com/',NULL,'E'),(13,'La Mar','http://www.lamarcebicheria.com/',NULL,'E'),(14,'La Rosa Nautica','http://www.larosanautica.com/',NULL,'E'),(15,'La Traviata','https://www.facebook.com/LaTraviataRestaurant?fref=ts',NULL,'E'),(16,'Maido','http://www.maido.pe/',NULL,'E'),(17,'Malabar','http://malabar.com.pe/',NULL,'E'),(18,'Manifiesto','http://www.manifiesto.pe/',NULL,'E'),(19,'Mesa de Piedra','http://www.mesadepiedra.com/',NULL,'E'),(20,'Nexxt Paris','http://nexxtparis.com/',NULL,'E'),(21,'Restaurant','web link',NULL,'D'),(22,'Restaurant Fiesta Gourmet','http://www.restaurantfiestagourmet.com/',NULL,'E'),(23,'Saqra','http://saqra.pe/',NULL,'E'),(24,'Sushiito','http://www.sushi-ito.com/',NULL,'E'),(25,'Vivaldi','http://vivaldi.com.pe/',NULL,'E'),(26,'Vivaldino','http://vivaldi.com.pe/',NULL,'E');

/*Table structure for table `seccion_lima` */

DROP TABLE IF EXISTS `seccion_lima`;

CREATE TABLE `seccion_lima` (
  `plato` varchar(255) DEFAULT NULL,
  `imagen` varchar(255) DEFAULT NULL,
  `restaurant` varchar(255) DEFAULT NULL,
  `url` varchar(255) DEFAULT NULL,
  `categoria` varchar(255) DEFAULT NULL,
  `estatus` char(1) DEFAULT 'E',
  `id` int(11) NOT NULL AUTO_INCREMENT,
  `departamento` int(11) DEFAULT '1',
  UNIQUE KEY `id` (`id`)
) ENGINE=MyISAM AUTO_INCREMENT=105 DEFAULT CHARSET=utf8;

/*Data for the table `seccion_lima` */

insert  into `seccion_lima`(`plato`,`imagen`,`restaurant`,`url`,`categoria`,`estatus`,`id`,`departamento`) values ('Cacao con Mango','Amaz-CacaoQuemadoConMango.jpg','Amaz','http://amaz.com.pe/','1','E',1,1),('Cacao con Mango','Amaz-CacaoQuemadoConMango.jpg','Amaz','http://amaz.com.pe/','3','E',2,1),('Paiche con aji negro','Malabar-PaicheConAjiNegro.jpg','Malabar','http://malabar.com.pe/','1','E',3,1),('Lomito de cerdo y panceta ahumada con boronia','Malabar-LomitoDeCerdoYPancetaAhumadaConBoronia.jpg','Malabar','http://malabar.com.pe/','1','E',4,1),('CorderoConPiedrasDelCamino','Malabar-CorderoConPiedrasDelCamino.jpg','Malabar','http://malabar.com.pe/','3','E',5,1),('CorderoConPiedrasDelCamino','Malabar-CorderoConPiedrasDelCamino.jpg','Malabar','http://malabar.com.pe/','2','E',6,1),('Pasta Primavera','Factoria-PastaPrimavera.jpg','Factoria','http://www.factoria1075.com/','9','E',7,1),('Pasta Primavera','Factoria-PastaPrimavera.jpg','Factoria','http://www.factoria1075.com/','10','E',8,1),('Malabar Conchas con Umari','Malabar-ConchasConUmari.jpg','Malabar','http://malabar.com.pe/','3','E',9,1),('Malabar Conchas con Umari','Malabar-ConchasConUmari.jpg','Malabar','http://malabar.com.pe/','1','E',10,1),('Malabar Conchas con Umari','Malabar-ConchasConUmari.jpg','Malabar','http://malabar.com.pe/','13','E',11,1),('Ensalada de Chonta','Malabar-EnsaladaDeChota.jpg','Malabar','http://malabar.com.pe/','3','E',12,1),('Ensalada de Chonta','Malabar-EnsaladaDeChota.jpg','Malabar','http://malabar.com.pe/','1','E',13,1),('Manifesto del Cordero de Candarave Confitado','Manifiesto-CorderoDeCandaraveConfitado.jpg','Manifiesto','http://www.manifiesto.pe/','3','E',14,1),('Manifesto del Cordero de Candarave Confitado','Manifiesto-CorderoDeCandaraveConfitado.jpg','Manifiesto','http://www.manifiesto.pe/','2','E',15,1),('Pato a la Memepa','Malabar-PatoALaMemepa.jpg','Malabar','http://malabar.com.pe/','3','E',16,1),('Lomo saltado','BrujasDeCachiche-LomoSaltado.jpg','Brujas de Cachiche','http://www.brujasdecachiche.com.pe/','5','E',17,1),('Lomo saltado','BrujasDeCachiche-LomoSaltado.jpg','Brujas de Cachiche','http://www.brujasdecachiche.com.pe/','16','E',18,1),('Seco de cabrito con arroz y frejoles','BrujasDeCachiche-SecoDeCabritoConArrozYFrejoles.jpg','Brujas de Cachiche','http://www.brujasdecachiche.com.pe/','5','E',19,1),('Seco de cabrito con arroz y frejoles','BrujasDeCachiche-SecoDeCabritoConArrozYFrejoles.jpg','Brujas de Cachiche','http://www.brujasdecachiche.com.pe/','16','E',20,1),('Salmon Grillado','Factoria-SalmonGrillado.jpg','Factoria','http://www.factoria1075.com/','9','E',21,1),('Salmon Grillado','Factoria-SalmonGrillado.jpg','Factoria','http://www.factoria1075.com/','13','E',22,1),('Carpaccio de Pato','Saqra-CarpacionDePato.jpg','Saqra','http://saqra.pe/','10','E',23,1),('Pez Espada a la Parrilla','BravoRestobar-PezEspadaALaParrilla.jpg','Bravo Restobar','http://www.bravorestobar.com/','9','E',24,1),('Pollo a la Florentina','NextParis-PolloALaFlorentina.jpg','Nexxt Paris','http://nexxtparis.com/','9','E',25,1),('Pollo a la Florentina','NextParis-PolloALaFlorentina.jpg','Nexxt Paris','http://nexxtparis.com/','10','E',26,1),('Lomo de la Nonna','Vivaldino-LomoDeLaNonna.jpg','Vivaldino','http://vivaldino.com/','9','E',27,1),('Lomo de la Nonna','Vivaldino-LomoDeLaNonna.jpg','Vivaldino','http://vivaldino.com/','10','E',28,1),('Penne Rigatti al Pomodoro','Cala-PenneRigattiAlPomodoro.jpg','Cala','http://www.calarestaurante.com/','10','E',29,1),('Risotto con aroma de trufas','Carnal-RisottoConAromaDeTrufas.jpg','Carnal','http://www.carnalprime.com/','10','E',30,1),('Milanesa Palermitana Acholada','Danica-MilanesaPalermitanaAcholada.jpg','Danica','http://danica.com.pe','10','E',31,1),('Spaghetti Frutti di Mare','Traviata-SpaghettiFruttiDiMare.jpg','La Traviata','https://www.facebook.com/LaTraviataRestaurant?fref=ts','10','E',32,1),('Spaghetti Frutti di Mare','Traviata-SpaghettiFruttiDiMare.jpg','La Traviata','https://www.facebook.com/LaTraviataRestaurant?fref=ts','13','E',33,1),('Panzotti de Alcachofas agli Oleo','Traviata-PanzottiDeAlcashofasAgliOleo.jpg','La Traviata','https://www.facebook.com/LaTraviataRestaurant?fref=ts','10','E',34,1),('Osobuco con Pastel de Papas','Danica-OsobuscoConPastelDePapas.jpg','Danica','http://danica.com.pe','10','E',35,1),('Sashimi en Salsa de Wasabi','Sushiito-SashimiEnSalsaDeWasabi.jpg','Sushiito','http://www.sushi-ito.com/','12','E',36,1),('Hanzo Ceviche Hanzo','Hanzo-CevicheHanzo.jpg','Hanzo','http://www.hanzo.com.pe/','12','E',37,1),('Hanzo Ceviche Hanzo','Hanzo-CevicheHanzo.jpg','Hanzo','http://www.hanzo.com.pe/','13','E',38,1),('Hanzo Ceviche Hanzo','Hanzo-CevicheHanzo.jpg','Hanzo','http://www.hanzo.com.pe/','3','E',39,1),('Coctel de Langostinos al Plato','LaRosaNautica-CoctelDeLangostinosAlPlato.jpg','La Rosa Nautica','http://www.larosanautica.com/','13','E',40,1),('Coctel de Langostinos al Plato','LaRosaNautica-CoctelDeLangostinosAlPlato.jpg','La Rosa Nautica','http://www.larosanautica.com/','9','E',41,1),('Monte Fuyi','Ache-MonteFuyi.jpg','Ache','https://www.facebook.com/achecocinanikkei?fref=ts','15','E',42,1),('Sushi Bar','Ache-SushiBar.jpg','Ache','https://www.facebook.com/achecocinanikkei?fref=ts','12','E',43,1),('Ache Tabla De Maquis','Ache-TablaDeMaquis.jpg','Ache','https://www.facebook.com/achecocinanikkei?fref=ts','12','E',44,1),('Nigiri de Entranas a lo Pobre','Maido-NigiriDeEntranasALoPobre.jpg','Maido','http://www.maido.pe/','15','E',45,1),('Chicken Katsu','Sushiito-ChickenKatsu.jpg','Sushiito','http://www.sushi-ito.com/','15','E',46,1),('Chicken Katsu','Sushiito-ChickenKatsu.jpg','Sushiito','http://www.sushi-ito.com/','12','E',47,1),('Pollito Enrollado','Vivaldino-PollitoErollado.jpg','Vivaldino','http://vivaldino.com/','9','E',48,1),('Canilla de Cordero','Caplina-CanillaDeCordero.jpg','Caplina','http://caplina.com/','2','E',49,1),('Tiradito de Pescado','BrujasDeCachiche-TiraditoDePescado.jpg','Brujas de Cachiche','http://www.brujasdecachiche.com.pe/','13','E',50,1),('Sudado de Mero','Fiesta-SudadoDeMeroMurique.jpg','Restaurant Fiesta Gourmet','http://www.restaurantfiestagourmet.com/','13','E',51,1),('Arroz con Mariscos','Vivaldino-ArrozConMariscos.jpg','Vivaldino','http://vivaldino.com/','16','E',52,1),('Arroz con Mariscos','Vivaldino-ArrozConMariscos.jpg','Vivaldino','http://vivaldino.com/','13','E',53,1),('Fiesta Langosta de Puerto de Eten','Fiesta-LangostinoDePuertoDeEten.jpg','Restaurant Fiesta Gourmet','http://www.restaurantfiestagourmet.com/','13','E',54,1),('Fiesta Langosta de Puerto de Eten','Fiesta-LangostinoDePuertoDeEten.jpg','Restaurant Fiesta Gourmet','http://www.restaurantfiestagourmet.com/','3','E',55,1),('Lomo Huancaino','Caplina-LomoHuancaino.jpg','Caplina','http://caplina.com/','3','E',56,1),('Lomo Huancaino','Caplina-LomoHuancaino.jpg','Caplina','http://caplina.com/','5','E',57,1),('Misoshiru de Camarones','Maido-MisoshiruDeCamarones.jpg','Maido','http://www.maido.pe/','15','E',58,1),('Misoshiru de Camarones','Maido-MisoshiruDeCamarones.jpg','Maido','http://www.maido.pe/','12','E',59,1),('Usuzukuri','Maido-Usuzukuri.jpg','Maido','http://www.maido.pe/','15','E',60,1),('Usuzukuri','Maido-Usuzukuri.jpg','Maido','http://www.maido.pe/','3','E',61,1),('BravoRestobar Carpacio de Salmon Lemongrass','BravoRestobar-CarpacioDeSalmonLemongrass.jpg','Bravo Restobar','http://www.bravorestobar.com/','9','E',62,1),('Atun en Perfume de Aguaymanto','Caplina-AtunEnPerfumeDeAguaymanto.jpg','Caplina','http://caplina.com/','16','E',63,1),('Nigiri de Entraña a lo Pobre','Maido-NigiriDeEntranasALoPobre.jpg','Maido','http://www.maido.pe/','12','E',64,1),('JarreteDeTernera','Central-JarreteDeTernera.jpg','Central','http://centralrestaurante.com.pe/es/','5','E',65,1),('AnticuchosDeChampognones','BrujasDeCachiche-AnticuchosDeChampognones.jpg','BrujasDeCachiche','http://www.brujasdecachiche.com.pe/','5','E',66,1),('TimbalDeCamarones','BrujasDeCachiche-TimbalDeCamarones.jpg','BrujasDeCachiche','http://www.brujasdecachiche.com.pe/','5','E',67,1),('MollejitaCrilladas','Mayta-MollejitaCrilladas.jpg','Mayta','http://www.maytarestaurante.com/','3','E',68,1),('Chipirones','Mayta-Chipirones.jpg','Mayta','http://www.maytarestaurante.com/','3','E',69,1),('FetucciniDeCamaronesAlEstragon','RefugioDeSantiago-FetucciniDeCamaronesAlEstragon.jpg','RefugioDeSantiago','http://www.refugiodesantiago.com/','10','E',70,1),('PulpoAlOlivo','Mesa18-PulpoAlOlivo.jpg','Mesa18','http://www.mesa18restaurante.com.pe/web/mesa18_es/index.jsp','9','E',71,1),('SalmonConMejillones','Mayta-SalmonConMejillones.jpg','Mayta','http://www.maytarestaurante.com/','3','E',72,1),('SalmonConMejillones','Mayta-SalmonConMejillones.jpg','Mayta','http://www.maytarestaurante.com/','13','E',73,1),('ConchasAlaParmesana','Mesa18-ConchasAlaParmesana.jpg','Mesa18','http://www.mesa18restaurante.com.pe/web/mesa18_es/index.jsp','10','E',74,1),('ConchasAlaParmesana','Mesa18-ConchasAlaParmesana.jpg','Mesa18','http://www.mesa18restaurante.com.pe/web/mesa18_es/index.jsp','13','E',75,1),('SalmonTostado','Mayta-SalmonTostado.jpg','Mayta','http://www.maytarestaurante.com/','3','E',76,1),('SalmonTostado','Mayta-SalmonTostado.jpg','Mayta','http://www.maytarestaurante.com/','9','E',77,1),('RocotoRellenoAlaArequipeña','BrujasDeCachiche-RocotoRellenoAlaArequipena.jpg','BrujasDeCachiche','http://www.brujasdecachiche.com.pe/','5','E',78,1),('RocotoRellenoAlaArequipeña','BrujasDeCachiche-RocotoRellenoAlaArequipena.jpg','BrujasDeCachiche','http://www.brujasdecachiche.com.pe/','16','E',79,1),('ArrozConPatoConfitado','Mayta-ArrozConPatoConfitado.jpg','Mayta','http://www.maytarestaurante.com/','5','E',80,1),('ArrozConPatoConfitado','Mayta-ArrozConPatoConfitado.jpg','Mayta','http://www.maytarestaurante.com/','3','E',81,1),('PescadoAloMacho','Mesa18-PescadoAloMacho.jpg','Mesa18','http://www.mesa18restaurante.com.pe/web/mesa18_es/index.jsp','13','E',82,1),('PescadoAloMacho','Mesa18-PescadoAloMacho.jpg','Mesa18','http://www.mesa18restaurante.com.pe/web/mesa18_es/index.jsp','13','E',83,1),('ChanchoAlHorno','ElRocoto-ChanchoAlHorno.jpg','ElRocoto','http://www.elrocoto.com.pe/','5','E',84,1),('ChanchoAlHorno','ElRocoto-ChanchoAlHorno.jpg','ElRocoto','http://www.elrocoto.com.pe/','16','E',85,1),('MakiFurai','Osaka-MakiFurai.jpg','Osaka','http://osaka.com.pe/','12','E',86,1),('MakiFurai','Osaka-MakiFurai.jpg','Osaka','http://osaka.com.pe/','15','E',87,1),('ShiromiAnticucho','Osaka-ShiromiAnticucho.jpg','Osaka','http://osaka.com.pe/','12','E',88,1),('ShiromiAnticucho','Osaka-ShiromiAnticucho.jpg','Osaka','http://osaka.com.pe/','15','E',89,1),('ShiromiAnticucho','Osaka-ShiromiAnticucho.jpg','Osaka','http://osaka.com.pe/','3','E',90,1),('Ceviche La Mar','LaMar-CebicheLaMar.jpg','La Mar','http://www.lamarcebicheria.com/','9','E',91,1),('Ceviche La Mar','LaMar-CebicheLaMar.jpg','La Mar','http://www.lamarcebicheria.com/','13','E',92,1),('Lenguado Cabo Blanco','Vivaldino-LenguadoCaboBlanco.jpg','Vivaldino','http://www.vivaldino.com/','13','E',93,1),('Pato a la Ciruela','Vivaldi-PatoALaCiruela.jpg','Vivaldino','http://vivaldi.com.pe/','9','E',94,1),('ColadeLangostadelCaribe1/2Kilo','Carnal-ColaDeLangostinoDelCaribe.jpg','Carnal','http://www.carnalprime.com/','9','E',95,1),('ColadeLangostadelCaribe1/2Kilo','Carnal-ColaDeLangostinoDelCaribe.jpg','Carnal','http://www.carnalprime.com/','13','E',96,1),('PechugadePolloOrganicoConAromasdeMostaza ','Carnal-PechugadePolloOrganicoConAromasdeMostaza.jpg','Carnal','http://www.carnalprime.com/','3','E',97,1),('PechugadePolloOrganicoConAromasdeMostaza ','Carnal-PechugadePolloOrganicoConAromasdeMostaza.jpg','Carnal','http://www.carnalprime.com/','16','E',98,1),('CapeletisYProsciuttoVivaldino','Vivaldino-CapeletisYProsciuttoVivaldino.jpg','Vivaldino','http://www.vivaldino.com/','10','E',99,1),('RisottoTrufadoconFiletMignonKobe','Carnal-RisottoTrufadoConFiletMignonKabe.jpg','Carnal','http://www.carnalprime.com/','10','E',104,1),('PlanchaMarina','Vivaldino-PlanchaMarina.jpg','Vivaldino','http://www.vivaldino.com/','13','E',101,1),('SartencitaMarina','Vivaldino-SartencitaMarina.jpg','Vivaldino','http://www.vivaldino.com/','13','E',102,1),('SorpresaDeUvasVivaldino','Vivaldino-SorpresaDeUvasVivaldino.jpg','Vivaldino','http://www.vivaldino.com/','3','E',103,1);

/*Table structure for table `sections` */

DROP TABLE IF EXISTS `sections`;

CREATE TABLE `sections` (
  `id` int(10) unsigned NOT NULL AUTO_INCREMENT,
  `name` varchar(255) NOT NULL,
  `description` text,
  `status` char(1) DEFAULT 'E',
  `img_path` varchar(150) DEFAULT NULL,
  PRIMARY KEY (`id`)
) ENGINE=InnoDB AUTO_INCREMENT=18 DEFAULT CHARSET=utf8 CHECKSUM=1 DELAY_KEY_WRITE=1 ROW_FORMAT=DYNAMIC;

/*Data for the table `sections` */

insert  into `sections`(`id`,`name`,`description`,`status`,`img_path`) values (1,'Amazonica\r','images/sections/AMAZONICA.png','E',NULL),(2,'Andina\r','images/sections/ANDINA.png','E',NULL),(3,'Autor\r','images/sections/AUTOR.png','E',NULL),(4,'Buffet',NULL,'D',NULL),(5,'Criolla\r','images/sections/CRIOLLA.png','E',NULL),(6,'Franco Peruano\r',NULL,'D',NULL),(7,'Fusion',NULL,'D',NULL),(8,'Gourmet\r',NULL,'D',NULL),(9,'Internacional\r','images/sections/INTERNACIONAL.png','E',NULL),(10,'Italiana\r','images/sections/ITALIANA.png','E',NULL),(11,'Italiano\r',NULL,'D',NULL),(12,'Japonesa\r','images/sections/JAPONESA.png','E',NULL),(13,'Marina','images/sections/MARINA.png','E',NULL),(14,'Mediterraneo\r',NULL,'D',NULL),(15,'Nikkei\r','images/sections/NIKKEI.png','E',NULL),(16,'Regional\r','images/sections/REGIONAL.png','E',NULL),(17,'Steak_House\r',NULL,'D',NULL);

/*Table structure for table `sections_` */

DROP TABLE IF EXISTS `sections_`;

CREATE TABLE `sections_` (
  `id` int(10) unsigned NOT NULL AUTO_INCREMENT,
  `name` varchar(255) NOT NULL,
  `description` text,
  `image` varchar(255) DEFAULT NULL,
  `status` char(1) DEFAULT 'E',
  `url` varchar(255) DEFAULT NULL,
  PRIMARY KEY (`id`)
) ENGINE=MyISAM AUTO_INCREMENT=12 DEFAULT CHARSET=utf8;

/*Data for the table `sections_` */

insert  into `sections_`(`id`,`name`,`description`,`image`,`status`,`url`) values (1,'AMAZONICA',NULL,'Amaz-CacaoQuemadoConMango.jpg','E','http://www.manifiesto.pe/'),(2,'ANDINA',NULL,'MesaDePiedra-TruchaEnSalsaDeCamarones.jpg','E','http://amaz.com.pe/'),(3,'BUFFET',NULL,'na.png','E','http://www.bravorestobar.com/'),(4,'CRIOLLA',NULL,'HuacaPucllana-CausaJuliana.jpg','E','http://www.factoria1075.com/'),(5,'GOURMET',NULL,'Factoria-SalmonGrillado.jpg','E','http://www.mesadepiedra.com/'),(6,'INTERNACIONAL',NULL,'BravoRestobar-TresLechesAlBaileys.jpg','E','https://www.facebook.com/achecocinanikkei?fref=ts'),(7,'ITALIANA',NULL,'Danica-MilanesaPalermitanaAcholada.jpg','E','http://caplina.com/'),(8,'JAPONESA',NULL,'Sushiito-SashimiEnSalsaDeWasabi.jpg','E','http://www.mesadepiedra.com/'),(9,'MARISCOS',NULL,'LaMar-CebicheLaMar.jpg','E','http://malabar.com.pe/'),(10,'MEDITERRANEO',NULL,'Cala-PenneRigattiAlPomodoro.jpg','E','http://www.resthuacapucllana.com/'),(11,'REGIONAL',NULL,'Cala-PenneRigattiAlPomodoro.jpg','E','http://www.mesadepiedra.com/');

/*Table structure for table `users` */

DROP TABLE IF EXISTS `users`;

CREATE TABLE `users` (
  `id` int(10) NOT NULL AUTO_INCREMENT,
  `idfacebook` varchar(120) DEFAULT NULL,
  `dateup` datetime DEFAULT NULL,
  `ip` varchar(18) DEFAULT NULL,
  `keyface` text,
  `info` text,
  `estatus` char(1) DEFAULT 'E',
  PRIMARY KEY (`id`)
) ENGINE=MyISAM AUTO_INCREMENT=3 DEFAULT CHARSET=latin1;

/*Data for the table `users` */

insert  into `users`(`id`,`idfacebook`,`dateup`,`ip`,`keyface`,`info`,`estatus`) values (2,'10204048163114149','2014-05-18 18:52:49','',NULL,NULL,'E');

/*!40101 SET SQL_MODE=@OLD_SQL_MODE */;
/*!40014 SET FOREIGN_KEY_CHECKS=@OLD_FOREIGN_KEY_CHECKS */;
